-- phpMyAdmin SQL Dump
-- version 4.8.0.1
-- https://www.phpmyadmin.net/
--
-- Host: 127.0.0.1
-- Generation Time: Oct 08, 2020 at 09:23 PM
-- Server version: 10.1.37-MariaDB
-- PHP Version: 5.6.36

SET SQL_MODE = "NO_AUTO_VALUE_ON_ZERO";
SET AUTOCOMMIT = 0;
START TRANSACTION;
SET time_zone = "+00:00";


/*!40101 SET @OLD_CHARACTER_SET_CLIENT=@@CHARACTER_SET_CLIENT */;
/*!40101 SET @OLD_CHARACTER_SET_RESULTS=@@CHARACTER_SET_RESULTS */;
/*!40101 SET @OLD_COLLATION_CONNECTION=@@COLLATION_CONNECTION */;
/*!40101 SET NAMES utf8mb4 */;

--
-- Database: `shop`
--

-- --------------------------------------------------------

--
-- Table structure for table `category`
--

CREATE TABLE `category` (
  `id` int(5) UNSIGNED NOT NULL,
  `category_name` varchar(150) NOT NULL,
  `is_parent_category` int(5) UNSIGNED NOT NULL DEFAULT '0',
  `created_on` timestamp NOT NULL DEFAULT CURRENT_TIMESTAMP,
  `created_by` int(5) UNSIGNED NOT NULL
) ENGINE=InnoDB DEFAULT CHARSET=latin1;

--
-- Dumping data for table `category`
--

INSERT INTO `category` (`id`, `category_name`, `is_parent_category`, `created_on`, `created_by`) VALUES
(1, 'Fashion', 0, '2020-10-08 08:09:02', 1),
(2, 'Electronics', 0, '2020-10-08 08:09:02', 1),
(3, 'Books', 0, '2020-10-08 08:09:02', 1),
(4, 'Men\'s', 1, '2020-10-08 08:09:02', 1),
(5, 'Women\'s', 1, '2020-10-08 08:09:02', 1),
(6, 'Computers', 2, '2020-10-08 08:09:02', 1),
(7, 'Mobile Phones', 2, '2020-10-08 08:09:02', 1),
(8, 'Television Sets', 2, '2020-10-08 08:09:02', 1),
(9, 'DSLR Cameras', 2, '2020-10-08 08:09:02', 1),
(10, 'Projectors', 2, '2020-10-08 08:09:02', 1),
(11, 'Adventure', 3, '2020-10-08 08:09:02', 1),
(12, 'Horror', 3, '2020-10-08 08:09:02', 1),
(13, 'Romantic', 3, '2020-10-08 08:09:02', 1),
(14, 'Children', 3, '2020-10-08 08:09:02', 1),
(15, 'Jewelery', 1, '2020-10-08 08:09:02', 1);

-- --------------------------------------------------------

--
-- Table structure for table `products`
--

CREATE TABLE `products` (
  `id` int(10) UNSIGNED NOT NULL,
  `product_name` varchar(500) NOT NULL,
  `SKU_id` varchar(25) NOT NULL,
  `category` int(5) UNSIGNED NOT NULL,
  `product_discription` text,
  `product_cost` int(8) UNSIGNED NOT NULL,
  `display_cost` int(8) UNSIGNED NOT NULL,
  `quantity` int(4) UNSIGNED NOT NULL,
  `created_on` timestamp NOT NULL DEFAULT CURRENT_TIMESTAMP,
  `created_by` int(10) UNSIGNED NOT NULL,
  `modified_on` timestamp NULL DEFAULT NULL,
  `modified_by` int(10) UNSIGNED NOT NULL DEFAULT '0',
  `status` tinyint(2) UNSIGNED NOT NULL DEFAULT '1' COMMENT '1 = show product || 0 = hide || 2 = deleted',
  `is_latest_product` tinyint(1) UNSIGNED DEFAULT '0'
) ENGINE=InnoDB DEFAULT CHARSET=latin1;

--
-- Dumping data for table `products`
--

INSERT INTO `products` (`id`, `product_name`, `SKU_id`, `category`, `product_discription`, `product_cost`, `display_cost`, `quantity`, `created_on`, `created_by`, `modified_on`, `modified_by`, `status`, `is_latest_product`) VALUES
(1, 'Fjallraven Foldsack No 1 Backpack Fits 15 Laptops', '1001', 4, 'our perfect pack for everyday use and walks in the forest. Stash your laptop up to 15 inches in the padded sleeve, your everyday', 110, 120, 10, '2020-10-08 08:34:04', 1, NULL, 1, 1, 0),
(2, 'Mens Casual Premium Slim Fit T-Shirts ', '1002', 4, 'Slim-fitting style, contrast raglan long sleeve, three-button henley placket, light weight & soft fabric for breathable and comfortable wearing. And Solid stitched shirts with round neck made for durability and a great fit for casual fashion wear and diehard baseball fans. The Henley style round neckline includes a three-button placket.', 50, 60, 10, '2020-10-08 08:34:04', 1, NULL, 1, 1, 0),
(3, 'Mens Cotton Jacket', '1003', 4, 'great outerwear jackets for Spring/Autumn/Winter, suitable for many occasions, such as working, hiking, camping, mountain/rock climbing, cycling, traveling or other outdoors. Good gift choice for you or your family member. A warm hearted love to Father, husband or son in this thanksgiving or Christmas Day.', 60, 50, 10, '2020-10-08 08:34:04', 1, NULL, 1, 1, 0),
(4, 'Mens Casual Slim Fit', '1004', 4, 'The color could be slightly different between on the screen and in practice. / Please note that body builds vary by person, therefore, detailed size information should be reviewed below on the product description.\"', 240, 260, 10, '2020-10-08 08:34:04', 1, NULL, 1, 1, 0),
(5, 'Lock and Love Women\'s Removable Hooded Faux Leather Moto Biker Jacket\"', '1005', 5, '100% POLYURETHANE(shell) 100% POLYESTER(lining) 75% POLYESTER 25% COTTON (SWEATER), Faux leather material for style and comfort / 2 pockets of front, 2-For-One Hooded denim style faux leather jacket, Button detail on waist / Detail stitching at sides, HAND WASH ONLY / DO NOT BLEACH / LINE DRY / DO NOT IRON', 200, 260, 10, '2020-10-08 08:34:04', 1, NULL, 1, 1, 0),
(6, 'Rain Jacket Women Windbreaker Striped Climbing Raincoats', '1006', 5, 'Lightweight perfet for trip or casual wear---Long sleeve with hooded, adjustable drawstring waist design. Button and zipper front closure raincoat, fully stripes Lined and The Raincoat has 2 side pockets are a good size to hold all kinds of things, it covers the hips, and the hood is generous but doesn\'t overdo it.Attached Cotton Lined Hood with Adjustable Drawstrings give it a real styled look.', 190, 240, 10, '2020-10-08 08:34:04', 1, NULL, 1, 1, 0),
(7, 'MBJ Women\'s Solid Short Sleeve Boat Neck V', '1007', 5, '95% RAYON 5% SPANDEX, Made in USA or Imported, Do Not Bleach, Lightweight fabric with great stretch for comfort, Ribbed on sleeves and neckline / Double stitching on bottom hem', 199, 240, 10, '2020-10-08 08:34:04', 1, NULL, 1, 1, 0),
(8, 'Opna Women\'s Short Sleeve Moisture', '1008', 5, '100% Polyester, Machine wash, 100% cationic polyester interlock, Machine Wash & Pre Shrunk for a Great Fit, Lightweight, roomy and highly breathable with moisture wicking fabric which helps to keep moisture away, Soft Lightweight Fabric with comfortable V-neck collar and a slimmer fit, delivers a sleek, more feminine silhouette and Added Comfort', 99, 110, 10, '2020-10-08 08:34:04', 1, NULL, 1, 1, 0),
(9, 'DANVOUY Womens T Shirt Casual Cotton Short', '1009', 5, '95%Cotton,5%Spandex, Features: Casual, Short Sleeve, Letter Print,V-Neck,Fashion Tees, The fabric is soft and has some stretch., Occasion: Casual/Office/Beach/School/Home/Street. Season: Spring,Summer,Autumn,Winter.', 99, 110, 10, '2020-10-08 08:34:04', 1, NULL, 1, 1, 0),
(10, 'Solid Gold Petite Micropave ', '1010', 15, 'Satisfaction Guaranteed. Return or exchange any order within 30 days.Designed and sold by Hafeez Center in the United States. Satisfaction Guaranteed. Return or exchange any order within 30 days.', 168, 180, 10, '2020-10-08 08:34:04', 1, NULL, 1, 1, 0),
(11, 'White Gold Plated Princess', '1011', 15, 'Classic Created Wedding Engagement Solitaire Diamond Promise Ring for Her. Gifts to spoil your love more for Engagement, Wedding, Anniversary, Valentine\'s Day...', 200, 240, 7, '2020-10-08 08:34:04', 1, NULL, 1, 1, 0),
(12, 'Pierced Owl Rose Gold Plated Stainless Steel Double', '1012', 15, 'Rose Gold Plated Double Flared Tunnel Plug Earrings. Made of 316L Stainless Steel', 100, 140, 4, '2020-10-08 08:34:04', 1, NULL, 1, 1, 0),
(13, 'Acer SB220Q bi 21.5 inches Full HD (1920 x 1080) IPS Ultra-Thin', '1013', 8, '21. 5 inches Full HD (1920 x 1080) widescreen IPS display And Radeon free Sync technology. No compatibility for VESA Mount Refresh Rate: 75Hz - Using HDMI port Zero-frame design | ultra-thin | 4ms response time | IPS panel Aspect ratio - 16: 9. Color Supported - 16. 7 million colors. Brightness - 250 nit Tilt angle -5 degree to 15 degree. Horizontal viewing angle-178 degree. Vertical viewing angle-178 degree 75 hertz\"', 19000, 19999, 4, '2020-10-08 08:34:04', 1, NULL, 1, 1, 0),
(14, 'Samsung 49-Inch CHG90 144Hz Curved Gaming Monitor ', '1014', 8, '49 INCH SUPER ULTRAWIDE 32:9 CURVED GAMING MONITOR with dual 27 inch screen side by side QUANTUM DOT (QLED) TECHNOLOGY, HDR support and factory calibration provides stunningly realistic and accurate color and contrast 144HZ HIGH REFRESH RATE and 1ms ultra fast response time work to eliminate motion blur, ghosting, and reduce input lag\"', 29000, 29999, 4, '2020-10-08 08:34:04', 1, NULL, 1, 1, 0),
(15, 'HP Envy Specter 360', '1015', 6, 'This Ryzen-powered version of HPs classy Envy x360 13 offers fast performance, a slick chassis, nifty features, and a palatable price. Its an excellent midrange 2-in-1 convertible laptop. PCMag editors select and review products independently', 129000, 129999, 4, '2020-10-08 08:34:04', 1, NULL, 1, 1, 1),
(16, 'Optoma 4K HDR Projector', '1016', 10, '1 Lithium ion batteries required\r\nManufacturer	OPTOMA TECHNOLOGY\r\nModel	UHD60', 129000, 129999, 4, '2020-10-08 08:34:04', 1, NULL, 1, 1, 1),
(17, 'Optoma 4K HD Projector', '1017', 10, '1 Lithium ion batteries required\r\nManufacturer	OPTOMA TECHNOLOGY\r\nModel	UHD60\r\nBrand	Optoma', 199999, 199999, 7, '2020-10-08 08:34:04', 1, NULL, 1, 1, 1);

-- --------------------------------------------------------

--
-- Table structure for table `product_images`
--

CREATE TABLE `product_images` (
  `id` int(10) UNSIGNED NOT NULL,
  `image_name` varchar(150) NOT NULL,
  `products_id` int(10) UNSIGNED NOT NULL,
  `created_on` timestamp NOT NULL DEFAULT CURRENT_TIMESTAMP
) ENGINE=InnoDB DEFAULT CHARSET=latin1;

--
-- Dumping data for table `product_images`
--

INSERT INTO `product_images` (`id`, `image_name`, `products_id`, `created_on`) VALUES
(1, '81fPKd-2AYL._AC_SL1500.jpg', 1, '2020-10-08 08:40:15'),
(2, '71-3HjGNDUL._AC_SY879._SX._UX._SY._UY.jpg', 2, '2020-10-08 08:40:43'),
(3, '71li-ujtlUL._AC_UX679.jpg', 3, '2020-10-08 08:41:11'),
(4, '71YXzeOuslL._AC_UY879.jpg', 4, '2020-10-08 08:41:32'),
(5, '61pHAEJ4NML._AC_UX679.jpg', 9, '2020-10-08 08:41:32'),
(6, '51eg55uWmdL._AC_UX679.jpg', 8, '2020-10-08 08:41:32'),
(7, '71z3kpMAYsL._AC_UY879_.jpg', 7, '2020-10-08 08:41:32'),
(8, '71HblAHs5xL._AC_UY879_-2.jpg', 6, '2020-10-08 08:41:32'),
(9, '81XH0e8fefL._AC_UY879_.jpg', 5, '2020-10-08 08:41:32'),
(10, '51UDEzMJVpL._AC_UL640_QL65_ML3_.jpg', 12, '2020-10-08 08:41:32'),
(11, '71YAIFU48IL._AC_UL640_QL65_ML3_.jpg', 11, '2020-10-08 08:41:32'),
(12, '61sbMiUnoGL._AC_UL640_QL65_ML3_.jpg', 10, '2020-10-08 08:41:32'),
(13, '81QpkIctqPL._AC_SX679_.jpg', 13, '2020-10-08 08:41:32'),
(14, '81Zt42ioCgL._AC_SX679_.jpg', 14, '2020-10-08 08:41:32'),
(15, 'rainer_1.jpg', 15, '2020-10-08 08:41:32'),
(16, 'rainer_2.jpg', 15, '2020-10-08 08:41:32'),
(17, 'rainer_3.jpg', 15, '2020-10-08 08:41:32'),
(18, '51E49SJg7tL._AC_SR160,160_.jpg', 17, '2020-10-08 08:41:32'),
(19, '51ON65blQcL._AC_SS350_.jpg', 17, '2020-10-08 08:41:32'),
(20, '61iIreq7hTL._AC_SS350_.jpg', 16, '2020-10-08 08:41:32'),
(21, '61iIreq7hTL._AC_UL160_SR160,160_.jpg', 17, '2020-10-08 08:41:32'),
(22, '61LwGESEIUL._AC_UL160_.jpg', 17, '2020-10-08 08:41:32'),
(23, '61LwGESEIUL._AC_UL160_.jpg', 16, '2020-10-08 08:41:32');

-- --------------------------------------------------------

--
-- Table structure for table `purchare_details`
--

CREATE TABLE `purchare_details` (
  `id` int(10) UNSIGNED NOT NULL,
  `user_details_id` int(10) UNSIGNED NOT NULL,
  `product_id` int(10) UNSIGNED NOT NULL,
  `qty` tinyint(2) UNSIGNED NOT NULL,
  `purchared_on` timestamp NOT NULL DEFAULT CURRENT_TIMESTAMP,
  `payment_method` varchar(10) NOT NULL COMMENT 'COD || Online',
  `transaction_id` varchar(50) DEFAULT NULL,
  `coupon_code` varchar(15) DEFAULT NULL,
  `purchare_price` int(6) NOT NULL,
  `discount` int(5) NOT NULL DEFAULT '0',
  `plat_house_no` varchar(60) NOT NULL,
  `area` varchar(150) NOT NULL,
  `landmark` varchar(150) NOT NULL,
  `city` varchar(50) NOT NULL,
  `pincode` varchar(6) NOT NULL,
  `state` varchar(35) DEFAULT NULL
) ENGINE=InnoDB DEFAULT CHARSET=latin1;

--
-- Dumping data for table `purchare_details`
--

INSERT INTO `purchare_details` (`id`, `user_details_id`, `product_id`, `qty`, `purchared_on`, `payment_method`, `transaction_id`, `coupon_code`, `purchare_price`, `discount`, `plat_house_no`, `area`, `landmark`, `city`, `pincode`, `state`) VALUES
(1, 1, 3, 1, '2020-10-08 15:48:51', 'COD', '', '', 60, 0, 'flat no', 'area', 'landmark', 'city', '400701', 'Maharashtra');

-- --------------------------------------------------------

--
-- Table structure for table `user_details`
--

CREATE TABLE `user_details` (
  `id` int(10) UNSIGNED NOT NULL,
  `full_name` varchar(60) NOT NULL,
  `email_id` varchar(30) DEFAULT NULL,
  `mobile_no` varchar(10) NOT NULL,
  `gender` varchar(6) NOT NULL,
  `password` varchar(65) NOT NULL,
  `user_type` varchar(10) NOT NULL,
  `created_on` timestamp NOT NULL DEFAULT CURRENT_TIMESTAMP,
  `modified_on` timestamp NULL DEFAULT NULL,
  `modified_by` int(10) UNSIGNED NOT NULL,
  `last_visit` timestamp NULL DEFAULT NULL,
  `forgot_pass_reqt` varchar(100) DEFAULT NULL,
  `status` tinyint(1) UNSIGNED NOT NULL DEFAULT '1' COMMENT '1=active || 0 = inactive || 2 =deleted'
) ENGINE=InnoDB DEFAULT CHARSET=latin1;

--
-- Dumping data for table `user_details`
--

INSERT INTO `user_details` (`id`, `full_name`, `email_id`, `mobile_no`, `gender`, `password`, `user_type`, `created_on`, `modified_on`, `modified_by`, `last_visit`, `forgot_pass_reqt`, `status`) VALUES
(1, 'Shrinivas', 'mahindrakarsrinivas@gmail.com', '9021434305', 'Male', '$2y$12$4Ehn7JAUXe8RKQjAS4YOf.IzPMLR3m21GL1TE/3XQukz7BWbMC46y', 'Register', '2020-10-08 15:44:35', NULL, 0, NULL, NULL, 1);

-- --------------------------------------------------------

--
-- Table structure for table `user_sessions`
--

CREATE TABLE `user_sessions` (
  `id` varchar(40) NOT NULL,
  `ip_address` varchar(45) NOT NULL,
  `timestamp` int(10) UNSIGNED NOT NULL DEFAULT '0',
  `data` blob NOT NULL
) ENGINE=InnoDB DEFAULT CHARSET=latin1;

--
-- Dumping data for table `user_sessions`
--

INSERT INTO `user_sessions` (`id`, `ip_address`, `timestamp`, `data`) VALUES
('0nj6d2pbb004qd9pu8qvm7gulij1rvgg', '::1', 1602184676, 0x5f5f63695f6c6173745f726567656e65726174657c693a313630323138343635343b70726576696f75735f75726c7c733a32363a22687474703a2f2f6c6f63616c686f73742f73686f702f63617274223b636172745f636f6e74656e74737c613a333a7b733a31303a22636172745f746f74616c223b643a35303b733a31313a22746f74616c5f6974656d73223b643a313b733a33323a226338316537323864396434633266363336663036376638396363313438363263223b613a383a7b733a323a226964223b733a313a2232223b733a363a22534b555f6964223b733a343a2231303032223b733a333a22717479223b643a313b733a353a227072696365223b643a35303b733a353a22696d616765223b733a34313a2237312d33486a474e44554c2e5f41435f53593837392e5f53582e5f55582e5f53592e5f55592e6a7067223b733a343a226e616d65223b733a33383a224d656e732043617375616c205072656d69756d20536c696d2046697420542d53686972747320223b733a353a22726f776964223b733a33323a226338316537323864396434633266363336663036376638396363313438363263223b733a383a22737562746f74616c223b643a35303b7d7d6d795f636172745f636f756e747c693a313b),
('2bcmhve49du72vfk8lqp66hn1uolp2ju', '::1', 1602177298, 0x5f5f63695f6c6173745f726567656e65726174657c693a313630323137373035323b70726576696f75735f75726c7c733a37303a22687474703a2f2f6c6f63616c686f73742f73686f702f70726f647563742f4d656e732d43617375616c2d5072656d69756d2d536c696d2d4669742d542d5368697274732d2f32223b636172745f636f6e74656e74737c613a343a7b733a31303a22636172745f746f74616c223b643a3330303b733a31313a22746f74616c5f6974656d73223b643a323b733a33323a226563636263383765346235636532666532383330386664396632613762616633223b613a383a7b733a323a226964223b733a313a2233223b733a363a22534b555f6964223b733a343a2231303033223b733a333a22717479223b643a313b733a353a227072696365223b643a36303b733a353a22696d616765223b733a32353a2237316c692d756a746c554c2e5f41435f55583637392e6a7067223b733a343a226e616d65223b733a31383a224d656e7320436f74746f6e204a61636b6574223b733a353a22726f776964223b733a33323a226563636263383765346235636532666532383330386664396632613762616633223b733a383a22737562746f74616c223b643a36303b7d733a33323a226138376666363739613266336537316439313831613637623735343231323263223b613a383a7b733a323a226964223b733a313a2234223b733a363a22534b555f6964223b733a343a2231303034223b733a333a22717479223b643a313b733a353a227072696365223b643a3234303b733a353a22696d616765223b733a32353a22373159587a654f75736c4c2e5f41435f55593837392e6a7067223b733a343a226e616d65223b733a32303a224d656e732043617375616c20536c696d20466974223b733a353a22726f776964223b733a33323a226138376666363739613266336537316439313831613637623735343231323263223b733a383a22737562746f74616c223b643a3234303b7d7d),
('3hk2iu7caum9rlptm3vtaaff8on1aq8t', '::1', 1602174902, 0x5f5f63695f6c6173745f726567656e65726174657c693a313630323137343930323b70726576696f75735f75726c7c733a32323a22687474703a2f2f6c6f63616c686f73742f73686f702f223b),
('46lfctr45bppbdpk8pa5vv15681hv6i9', '::1', 1602177470, 0x5f5f63695f6c6173745f726567656e65726174657c693a313630323137373435333b70726576696f75735f75726c7c733a37303a22687474703a2f2f6c6f63616c686f73742f73686f702f70726f647563742f4d656e732d43617375616c2d5072656d69756d2d536c696d2d4669742d542d5368697274732d2f32223b636172745f636f6e74656e74737c613a343a7b733a31303a22636172745f746f74616c223b643a3330303b733a31313a22746f74616c5f6974656d73223b643a323b733a33323a226563636263383765346235636532666532383330386664396632613762616633223b613a383a7b733a323a226964223b733a313a2233223b733a363a22534b555f6964223b733a343a2231303033223b733a333a22717479223b643a313b733a353a227072696365223b643a36303b733a353a22696d616765223b733a32353a2237316c692d756a746c554c2e5f41435f55583637392e6a7067223b733a343a226e616d65223b733a31383a224d656e7320436f74746f6e204a61636b6574223b733a353a22726f776964223b733a33323a226563636263383765346235636532666532383330386664396632613762616633223b733a383a22737562746f74616c223b643a36303b7d733a33323a226138376666363739613266336537316439313831613637623735343231323263223b613a383a7b733a323a226964223b733a313a2234223b733a363a22534b555f6964223b733a343a2231303034223b733a333a22717479223b643a313b733a353a227072696365223b643a3234303b733a353a22696d616765223b733a32353a22373159587a654f75736c4c2e5f41435f55593837392e6a7067223b733a343a226e616d65223b733a32303a224d656e732043617375616c20536c696d20466974223b733a353a22726f776964223b733a33323a226138376666363739613266336537316439313831613637623735343231323263223b733a383a22737562746f74616c223b643a3234303b7d7d),
('52liprv2fp3q9rnjhun7rsl4gaqub76u', '::1', 1602181215, 0x5f5f63695f6c6173745f726567656e65726174657c693a313630323138303939373b70726576696f75735f75726c7c733a32323a22687474703a2f2f6c6f63616c686f73742f73686f702f223b6d795f636172745f636f756e747c693a323b636172745f636f6e74656e74737c613a343a7b733a31303a22636172745f746f74616c223b643a3239303b733a31313a22746f74616c5f6974656d73223b643a323b733a33323a226138376666363739613266336537316439313831613637623735343231323263223b613a383a7b733a323a226964223b733a313a2234223b733a363a22534b555f6964223b733a343a2231303034223b733a333a22717479223b643a313b733a353a227072696365223b643a3234303b733a353a22696d616765223b733a32353a22373159587a654f75736c4c2e5f41435f55593837392e6a7067223b733a343a226e616d65223b733a32303a224d656e732043617375616c20536c696d20466974223b733a353a22726f776964223b733a33323a226138376666363739613266336537316439313831613637623735343231323263223b733a383a22737562746f74616c223b643a3234303b7d733a33323a226338316537323864396434633266363336663036376638396363313438363263223b613a383a7b733a323a226964223b733a313a2232223b733a363a22534b555f6964223b733a343a2231303032223b733a333a22717479223b643a313b733a353a227072696365223b643a35303b733a353a22696d616765223b733a34313a2237312d33486a474e44554c2e5f41435f53593837392e5f53582e5f55582e5f53592e5f55592e6a7067223b733a343a226e616d65223b733a33383a224d656e732043617375616c205072656d69756d20536c696d2046697420542d53686972747320223b733a353a22726f776964223b733a33323a226338316537323864396434633266363336663036376638396363313438363263223b733a383a22737562746f74616c223b643a35303b7d7d757365727c613a383a7b733a323a226964223b733a313a2231223b733a393a2266756c6c5f6e616d65223b733a383a225372696e69766173223b733a383a22656d61696c5f6964223b733a32393a226d6168696e6472616b61727372696e6976617340676d61696c2e636f6d223b733a363a2267656e646572223b733a343a224d616c65223b733a393a226d6f62696c655f6e6f223b733a31303a2239303231343334333035223b733a393a22757365725f74797065223b733a383a225265676973746572223b733a31343a22757365725f6c6f676765645f696e223b623a313b733a353a226361746b6e223b733a34343a224d5463314e7a45774e7a45784f54566d4e3259314e474a6d5a5463344d4467304c6a45354d7a49344f445530223b7d),
('65u8j19imavg4bo15oumpovdel5f4ei7', '::1', 1602181845, 0x5f5f63695f6c6173745f726567656e65726174657c693a313630323138313834313b70726576696f75735f75726c7c733a32363a22687474703a2f2f6c6f63616c686f73742f73686f702f63617274223b6d795f636172745f636f756e747c693a323b636172745f636f6e74656e74737c613a343a7b733a31303a22636172745f746f74616c223b643a3239303b733a31313a22746f74616c5f6974656d73223b643a323b733a33323a226138376666363739613266336537316439313831613637623735343231323263223b613a383a7b733a323a226964223b733a313a2234223b733a363a22534b555f6964223b733a343a2231303034223b733a333a22717479223b643a313b733a353a227072696365223b643a3234303b733a353a22696d616765223b733a32353a22373159587a654f75736c4c2e5f41435f55593837392e6a7067223b733a343a226e616d65223b733a32303a224d656e732043617375616c20536c696d20466974223b733a353a22726f776964223b733a33323a226138376666363739613266336537316439313831613637623735343231323263223b733a383a22737562746f74616c223b643a3234303b7d733a33323a226338316537323864396434633266363336663036376638396363313438363263223b613a383a7b733a323a226964223b733a313a2232223b733a363a22534b555f6964223b733a343a2231303032223b733a333a22717479223b643a313b733a353a227072696365223b643a35303b733a353a22696d616765223b733a34313a2237312d33486a474e44554c2e5f41435f53593837392e5f53582e5f55582e5f53592e5f55592e6a7067223b733a343a226e616d65223b733a33383a224d656e732043617375616c205072656d69756d20536c696d2046697420542d53686972747320223b733a353a22726f776964223b733a33323a226338316537323864396434633266363336663036376638396363313438363263223b733a383a22737562746f74616c223b643a35303b7d7d757365727c613a383a7b733a323a226964223b733a313a2231223b733a393a2266756c6c5f6e616d65223b733a383a225372696e69766173223b733a383a22656d61696c5f6964223b733a32393a226d6168696e6472616b61727372696e6976617340676d61696c2e636f6d223b733a363a2267656e646572223b733a343a224d616c65223b733a393a226d6f62696c655f6e6f223b733a31303a2239303231343334333035223b733a393a22757365725f74797065223b733a383a225265676973746572223b733a31343a22757365725f6c6f676765645f696e223b623a313b733a353a226361746b6e223b733a34343a224d5463314e7a45774e7a45784f54566d4e3259314e474a6d5a5463344d4467304c6a45354d7a49344f445530223b7d),
('7gabcumt5btdbv5cd2j07mhri4hqqb8m', '::1', 1602178169, 0x5f5f63695f6c6173745f726567656e65726174657c693a313630323137373930363b70726576696f75735f75726c7c733a35353a22687474703a2f2f6c6f63616c686f73742f73686f702f70726f647563742f4f70746f6d612d344b2d48442d50726f6a6563746f722f3137223b636172745f636f6e74656e74737c613a353a7b733a31303a22636172745f746f74616c223b643a3230303239393b733a31313a22746f74616c5f6974656d73223b643a333b733a33323a226563636263383765346235636532666532383330386664396632613762616633223b613a383a7b733a323a226964223b733a313a2233223b733a363a22534b555f6964223b733a343a2231303033223b733a333a22717479223b643a313b733a353a227072696365223b643a36303b733a353a22696d616765223b733a32353a2237316c692d756a746c554c2e5f41435f55583637392e6a7067223b733a343a226e616d65223b733a31383a224d656e7320436f74746f6e204a61636b6574223b733a353a22726f776964223b733a33323a226563636263383765346235636532666532383330386664396632613762616633223b733a383a22737562746f74616c223b643a36303b7d733a33323a226138376666363739613266336537316439313831613637623735343231323263223b613a383a7b733a323a226964223b733a313a2234223b733a363a22534b555f6964223b733a343a2231303034223b733a333a22717479223b643a313b733a353a227072696365223b643a3234303b733a353a22696d616765223b733a32353a22373159587a654f75736c4c2e5f41435f55593837392e6a7067223b733a343a226e616d65223b733a32303a224d656e732043617375616c20536c696d20466974223b733a353a22726f776964223b733a33323a226138376666363739613266336537316439313831613637623735343231323263223b733a383a22737562746f74616c223b643a3234303b7d733a33323a223730656664663265633962303836303739373935633434323633366235356662223b613a383a7b733a323a226964223b733a323a223137223b733a363a22534b555f6964223b733a343a2231303137223b733a333a22717479223b643a313b733a353a227072696365223b643a3139393939393b733a353a22696d616765223b733a33303a223531453439534a6737744c2e5f41435f53523136302c3136305f2e6a7067223b733a343a226e616d65223b733a32323a224f70746f6d6120344b2048442050726f6a6563746f72223b733a353a22726f776964223b733a33323a223730656664663265633962303836303739373935633434323633366235356662223b733a383a22737562746f74616c223b643a3139393939393b7d7d),
('924vnmufdapjkhj458tf0g4smib7a885', '::1', 1602176338, 0x5f5f63695f6c6173745f726567656e65726174657c693a313630323137363034323b70726576696f75735f75726c7c733a32363a22687474703a2f2f6c6f63616c686f73742f73686f702f63617274223b636172745f636f6e74656e74737c613a343a7b733a31303a22636172745f746f74616c223b643a3239303b733a31313a22746f74616c5f6974656d73223b643a323b733a33323a226338316537323864396434633266363336663036376638396363313438363263223b613a383a7b733a323a226964223b733a313a2232223b733a363a22534b555f6964223b733a343a2231303032223b733a333a22717479223b643a313b733a353a227072696365223b643a35303b733a353a22696d616765223b733a34313a2237312d33486a474e44554c2e5f41435f53593837392e5f53582e5f55582e5f53592e5f55592e6a7067223b733a343a226e616d65223b733a33383a224d656e732043617375616c205072656d69756d20536c696d2046697420542d53686972747320223b733a353a22726f776964223b733a33323a226338316537323864396434633266363336663036376638396363313438363263223b733a383a22737562746f74616c223b643a35303b7d733a33323a226138376666363739613266336537316439313831613637623735343231323263223b613a383a7b733a323a226964223b733a313a2234223b733a363a22534b555f6964223b733a343a2231303034223b733a333a22717479223b643a313b733a353a227072696365223b643a3234303b733a353a22696d616765223b733a32353a22373159587a654f75736c4c2e5f41435f55593837392e6a7067223b733a343a226e616d65223b733a32303a224d656e732043617375616c20536c696d20466974223b733a353a22726f776964223b733a33323a226138376666363739613266336537316439313831613637623735343231323263223b733a383a22737562746f74616c223b643a3234303b7d7d),
('adk8ibo56fonhugggils1ipljp8t9kd9', '::1', 1602184751, 0x5f5f63695f6c6173745f726567656e65726174657c693a313630323138343638323b70726576696f75735f75726c7c733a32323a22687474703a2f2f6c6f63616c686f73742f73686f702f223b6d795f636172745f636f756e747c693a313b757365727c613a383a7b733a323a226964223b733a313a2231223b733a393a2266756c6c5f6e616d65223b733a393a22536872696e69766173223b733a383a22656d61696c5f6964223b733a32393a226d6168696e6472616b61727372696e6976617340676d61696c2e636f6d223b733a363a2267656e646572223b733a343a224d616c65223b733a393a226d6f62696c655f6e6f223b733a31303a2239303231343334333035223b733a393a22757365725f74797065223b733a383a225265676973746572223b733a31343a22757365725f6c6f676765645f696e223b623a313b733a353a226361746b6e223b733a34343a224d5445774f54457a4e4445324d44566d4e3259324e6a41314d7a5a694f5745794c6a55304d4467794e7a5931223b7d),
('ajiqfi74372tr7nqo9emfcvm4gna50kc', '::1', 1602182359, 0x5f5f63695f6c6173745f726567656e65726174657c693a313630323138323132323b70726576696f75735f75726c7c733a32363a22687474703a2f2f6c6f63616c686f73742f73686f702f63617274223b636172745f636f6e74656e74737c613a333a7b733a31303a22636172745f746f74616c223b643a35303b733a31313a22746f74616c5f6974656d73223b643a313b733a33323a226338316537323864396434633266363336663036376638396363313438363263223b613a383a7b733a323a226964223b733a313a2232223b733a363a22534b555f6964223b733a343a2231303032223b733a333a22717479223b643a313b733a353a227072696365223b643a35303b733a353a22696d616765223b733a34313a2237312d33486a474e44554c2e5f41435f53593837392e5f53582e5f55582e5f53592e5f55592e6a7067223b733a343a226e616d65223b733a33383a224d656e732043617375616c205072656d69756d20536c696d2046697420542d53686972747320223b733a353a22726f776964223b733a33323a226338316537323864396434633266363336663036376638396363313438363263223b733a383a22737562746f74616c223b643a35303b7d7d6d795f636172745f636f756e747c693a313b),
('b65tuvttpscs9hnk3r57gsjn9chuumai', '::1', 1602178870, 0x5f5f63695f6c6173745f726567656e65726174657c693a313630323137383538373b70726576696f75735f75726c7c733a34363a22687474703a2f2f6c6f63616c686f73742f73686f702f6d795f636172742f72656d6f76655f66726f6d5f63617274223b6d795f636172745f636f756e747c693a323b636172745f636f6e74656e74737c613a343a7b733a31303a22636172745f746f74616c223b643a3330303b733a31313a22746f74616c5f6974656d73223b643a323b733a33323a226563636263383765346235636532666532383330386664396632613762616633223b613a383a7b733a323a226964223b733a313a2233223b733a363a22534b555f6964223b733a343a2231303033223b733a333a22717479223b643a313b733a353a227072696365223b643a36303b733a353a22696d616765223b733a32353a2237316c692d756a746c554c2e5f41435f55583637392e6a7067223b733a343a226e616d65223b733a31383a224d656e7320436f74746f6e204a61636b6574223b733a353a22726f776964223b733a33323a226563636263383765346235636532666532383330386664396632613762616633223b733a383a22737562746f74616c223b643a36303b7d733a33323a226138376666363739613266336537316439313831613637623735343231323263223b613a383a7b733a323a226964223b733a313a2234223b733a363a22534b555f6964223b733a343a2231303034223b733a333a22717479223b643a313b733a353a227072696365223b643a3234303b733a353a22696d616765223b733a32353a22373159587a654f75736c4c2e5f41435f55593837392e6a7067223b733a343a226e616d65223b733a32303a224d656e732043617375616c20536c696d20466974223b733a353a22726f776964223b733a33323a226138376666363739613266336537316439313831613637623735343231323263223b733a383a22737562746f74616c223b643a3234303b7d7d),
('b9t73bp3knbo13697kr4gr5qs972q6er', '::1', 1602176576, 0x5f5f63695f6c6173745f726567656e65726174657c693a313630323137363335383b70726576696f75735f75726c7c733a32363a22687474703a2f2f6c6f63616c686f73742f73686f702f63617274223b636172745f636f6e74656e74737c613a343a7b733a31303a22636172745f746f74616c223b643a3239303b733a31313a22746f74616c5f6974656d73223b643a323b733a33323a226338316537323864396434633266363336663036376638396363313438363263223b613a383a7b733a323a226964223b733a313a2232223b733a363a22534b555f6964223b733a343a2231303032223b733a333a22717479223b643a313b733a353a227072696365223b643a35303b733a353a22696d616765223b733a34313a2237312d33486a474e44554c2e5f41435f53593837392e5f53582e5f55582e5f53592e5f55592e6a7067223b733a343a226e616d65223b733a33383a224d656e732043617375616c205072656d69756d20536c696d2046697420542d53686972747320223b733a353a22726f776964223b733a33323a226338316537323864396434633266363336663036376638396363313438363263223b733a383a22737562746f74616c223b643a35303b7d733a33323a226138376666363739613266336537316439313831613637623735343231323263223b613a383a7b733a323a226964223b733a313a2234223b733a363a22534b555f6964223b733a343a2231303034223b733a333a22717479223b643a313b733a353a227072696365223b643a3234303b733a353a22696d616765223b733a32353a22373159587a654f75736c4c2e5f41435f55593837392e6a7067223b733a343a226e616d65223b733a32303a224d656e732043617375616c20536c696d20466974223b733a353a22726f776964223b733a33323a226138376666363739613266336537316439313831613637623735343231323263223b733a383a22737562746f74616c223b643a3234303b7d7d),
('dnqsm9bisu0g54ql405talk3rrr7irc5', '::1', 1602175172, 0x5f5f63695f6c6173745f726567656e65726174657c693a313630323137343930323b70726576696f75735f75726c7c733a33353a22687474703a2f2f6c6f63616c686f73742f73686f702f6d795f636172742f696e646578223b),
('ec1t89tfkdmkrf0cbrqtpvka3vhn4kgs', '::1', 1602183240, 0x5f5f63695f6c6173745f726567656e65726174657c693a313630323138333234303b70726576696f75735f75726c7c733a32363a22687474703a2f2f6c6f63616c686f73742f73686f702f63617274223b636172745f636f6e74656e74737c613a333a7b733a31303a22636172745f746f74616c223b643a35303b733a31313a22746f74616c5f6974656d73223b643a313b733a33323a226338316537323864396434633266363336663036376638396363313438363263223b613a383a7b733a323a226964223b733a313a2232223b733a363a22534b555f6964223b733a343a2231303032223b733a333a22717479223b643a313b733a353a227072696365223b643a35303b733a353a22696d616765223b733a34313a2237312d33486a474e44554c2e5f41435f53593837392e5f53582e5f55582e5f53592e5f55592e6a7067223b733a343a226e616d65223b733a33383a224d656e732043617375616c205072656d69756d20536c696d2046697420542d53686972747320223b733a353a22726f776964223b733a33323a226338316537323864396434633266363336663036376638396363313438363263223b733a383a22737562746f74616c223b643a35303b7d7d6d795f636172745f636f756e747c693a313b),
('fg546go48kog7mhhgsofuhasi01vc9fv', '::1', 1602180350, 0x5f5f63695f6c6173745f726567656e65726174657c693a313630323138303237343b70726576696f75735f75726c7c733a32363a22687474703a2f2f6c6f63616c686f73742f73686f702f63617274223b6d795f636172745f636f756e747c693a313b636172745f636f6e74656e74737c613a333a7b733a31303a22636172745f746f74616c223b643a3234303b733a31313a22746f74616c5f6974656d73223b643a313b733a33323a226138376666363739613266336537316439313831613637623735343231323263223b613a383a7b733a323a226964223b733a313a2234223b733a363a22534b555f6964223b733a343a2231303034223b733a333a22717479223b643a313b733a353a227072696365223b643a3234303b733a353a22696d616765223b733a32353a22373159587a654f75736c4c2e5f41435f55593837392e6a7067223b733a343a226e616d65223b733a32303a224d656e732043617375616c20536c696d20466974223b733a353a22726f776964223b733a33323a226138376666363739613266336537316439313831613637623735343231323263223b733a383a22737562746f74616c223b643a3234303b7d7d757365727c613a383a7b733a323a226964223b733a313a2231223b733a393a2266756c6c5f6e616d65223b733a383a225372696e69766173223b733a383a22656d61696c5f6964223b733a32393a226d6168696e6472616b61727372696e6976617340676d61696c2e636f6d223b733a363a2267656e646572223b733a343a224d616c65223b733a393a226d6f62696c655f6e6f223b733a31303a2239303231343334333035223b733a393a22757365725f74797065223b733a383a225265676973746572223b733a31343a22757365725f6c6f676765645f696e223b623a313b733a353a226361746b6e223b733a34343a224d5463314e7a45774e7a45784f54566d4e3259314e474a6d5a5463344d4467304c6a45354d7a49344f445530223b7d),
('hkvbbq86tmtr82ftvv75tp5f8fovr8gk', '::1', 1602184586, 0x5f5f63695f6c6173745f726567656e65726174657c693a313630323138343233393b70726576696f75735f75726c7c733a32373a22687474703a2f2f6c6f63616c686f73742f73686f702f6c6f67696e223b6d795f636172745f636f756e747c693a313b636172745f636f6e74656e74737c613a333a7b733a31303a22636172745f746f74616c223b643a36303b733a31313a22746f74616c5f6974656d73223b643a313b733a33323a226563636263383765346235636532666532383330386664396632613762616633223b613a383a7b733a323a226964223b733a313a2233223b733a363a22534b555f6964223b733a343a2231303033223b733a333a22717479223b643a313b733a353a227072696365223b643a36303b733a353a22696d616765223b733a32353a2237316c692d756a746c554c2e5f41435f55583637392e6a7067223b733a343a226e616d65223b733a31383a224d656e7320436f74746f6e204a61636b6574223b733a353a22726f776964223b733a33323a226563636263383765346235636532666532383330386664396632613762616633223b733a383a22737562746f74616c223b643a36303b7d7d),
('im5vghp20q3tk50revvfpbkjs6929pf7', '::1', 1602174857, 0x5f5f63695f6c6173745f726567656e65726174657c693a313630323137343535393b70726576696f75735f75726c7c733a32323a22687474703a2f2f6c6f63616c686f73742f73686f702f223b),
('j6m4nolg9b1bsvc250umjf7rv7d7c7i4', '::1', 1602176000, 0x5f5f63695f6c6173745f726567656e65726174657c693a313630323137353731363b70726576696f75735f75726c7c733a32363a22687474703a2f2f6c6f63616c686f73742f73686f702f63617274223b),
('jlet1jsa1i7g4t6ub7khk1civb2jlorl', '::1', 1602183044, 0x5f5f63695f6c6173745f726567656e65726174657c693a313630323138323836393b70726576696f75735f75726c7c733a32323a22687474703a2f2f6c6f63616c686f73742f73686f702f223b6d795f636172745f636f756e747c693a323b636172745f636f6e74656e74737c613a343a7b733a31303a22636172745f746f74616c223b643a3239303b733a31313a22746f74616c5f6974656d73223b643a323b733a33323a226138376666363739613266336537316439313831613637623735343231323263223b613a383a7b733a323a226964223b733a313a2234223b733a363a22534b555f6964223b733a343a2231303034223b733a333a22717479223b643a313b733a353a227072696365223b643a3234303b733a353a22696d616765223b733a32353a22373159587a654f75736c4c2e5f41435f55593837392e6a7067223b733a343a226e616d65223b733a32303a224d656e732043617375616c20536c696d20466974223b733a353a22726f776964223b733a33323a226138376666363739613266336537316439313831613637623735343231323263223b733a383a22737562746f74616c223b643a3234303b7d733a33323a226338316537323864396434633266363336663036376638396363313438363263223b613a383a7b733a323a226964223b733a313a2232223b733a363a22534b555f6964223b733a343a2231303032223b733a333a22717479223b643a313b733a353a227072696365223b643a35303b733a353a22696d616765223b733a34313a2237312d33486a474e44554c2e5f41435f53593837392e5f53582e5f55582e5f53592e5f55592e6a7067223b733a343a226e616d65223b733a33383a224d656e732043617375616c205072656d69756d20536c696d2046697420542d53686972747320223b733a353a22726f776964223b733a33323a226338316537323864396434633266363336663036376638396363313438363263223b733a383a22737562746f74616c223b643a35303b7d7d757365727c613a383a7b733a323a226964223b733a313a2231223b733a393a2266756c6c5f6e616d65223b733a383a225372696e69766173223b733a383a22656d61696c5f6964223b733a32393a226d6168696e6472616b61727372696e6976617340676d61696c2e636f6d223b733a363a2267656e646572223b733a343a224d616c65223b733a393a226d6f62696c655f6e6f223b733a31303a2239303231343334333035223b733a393a22757365725f74797065223b733a383a225265676973746572223b733a31343a22757365725f6c6f676765645f696e223b623a313b733a353a226361746b6e223b733a34343a224d5463314e7a45774e7a45784f54566d4e3259314e474a6d5a5463344d4467304c6a45354d7a49344f445530223b7d),
('jnljd1ftd8c233jju9m5sj0btp1jvl9r', '::1', 1602182332, 0x5f5f63695f6c6173745f726567656e65726174657c693a313630323138323333323b70726576696f75735f75726c7c733a32363a22687474703a2f2f6c6f63616c686f73742f73686f702f63617274223b6d795f636172745f636f756e747c693a323b636172745f636f6e74656e74737c613a343a7b733a31303a22636172745f746f74616c223b643a3239303b733a31313a22746f74616c5f6974656d73223b643a323b733a33323a226138376666363739613266336537316439313831613637623735343231323263223b613a383a7b733a323a226964223b733a313a2234223b733a363a22534b555f6964223b733a343a2231303034223b733a333a22717479223b643a313b733a353a227072696365223b643a3234303b733a353a22696d616765223b733a32353a22373159587a654f75736c4c2e5f41435f55593837392e6a7067223b733a343a226e616d65223b733a32303a224d656e732043617375616c20536c696d20466974223b733a353a22726f776964223b733a33323a226138376666363739613266336537316439313831613637623735343231323263223b733a383a22737562746f74616c223b643a3234303b7d733a33323a226338316537323864396434633266363336663036376638396363313438363263223b613a383a7b733a323a226964223b733a313a2232223b733a363a22534b555f6964223b733a343a2231303032223b733a333a22717479223b643a313b733a353a227072696365223b643a35303b733a353a22696d616765223b733a34313a2237312d33486a474e44554c2e5f41435f53593837392e5f53582e5f55582e5f53592e5f55592e6a7067223b733a343a226e616d65223b733a33383a224d656e732043617375616c205072656d69756d20536c696d2046697420542d53686972747320223b733a353a22726f776964223b733a33323a226338316537323864396434633266363336663036376638396363313438363263223b733a383a22737562746f74616c223b643a35303b7d7d757365727c613a383a7b733a323a226964223b733a313a2231223b733a393a2266756c6c5f6e616d65223b733a383a225372696e69766173223b733a383a22656d61696c5f6964223b733a32393a226d6168696e6472616b61727372696e6976617340676d61696c2e636f6d223b733a363a2267656e646572223b733a343a224d616c65223b733a393a226d6f62696c655f6e6f223b733a31303a2239303231343334333035223b733a393a22757365725f74797065223b733a383a225265676973746572223b733a31343a22757365725f6c6f676765645f696e223b623a313b733a353a226361746b6e223b733a34343a224d5463314e7a45774e7a45784f54566d4e3259314e474a6d5a5463344d4467304c6a45354d7a49344f445530223b7d),
('lcl6q9k6frrq5opa657b8j1viu078bog', '::1', 1602183873, 0x5f5f63695f6c6173745f726567656e65726174657c693a313630323138333234333b70726576696f75735f75726c7c733a34323a22687474703a2f2f6c6f63616c686f73742f73686f702f6d795f636172742f66726d5f636865636b6f7574223b6d795f636172745f636f756e747c693a323b757365727c613a383a7b733a323a226964223b733a313a2231223b733a393a2266756c6c5f6e616d65223b733a383a225372696e69766173223b733a383a22656d61696c5f6964223b733a32393a226d6168696e6472616b61727372696e6976617340676d61696c2e636f6d223b733a363a2267656e646572223b733a343a224d616c65223b733a393a226d6f62696c655f6e6f223b733a31303a2239303231343334333035223b733a393a22757365725f74797065223b733a383a225265676973746572223b733a31343a22757365725f6c6f676765645f696e223b623a313b733a353a226361746b6e223b733a34343a224d5463314e7a45774e7a45784f54566d4e3259314e474a6d5a5463344d4467304c6a45354d7a49344f445530223b7d),
('lomn2oa7oq3m0tv1f8r9dd4g36qijrb3', '192.168.2.2', 1602173904, 0x5f5f63695f6c6173745f726567656e65726174657c693a313630323137333930343b70726576696f75735f75726c7c733a32343a22687474703a2f2f3139322e3136382e322e352f73686f702f223b),
('m9rcmvlcqactl339ddsfto4ppqh7a8l9', '::1', 1602180181, 0x5f5f63695f6c6173745f726567656e65726174657c693a313630323137393934313b70726576696f75735f75726c7c733a32363a22687474703a2f2f6c6f63616c686f73742f73686f702f63617274223b6d795f636172745f636f756e747c693a313b636172745f636f6e74656e74737c613a333a7b733a31303a22636172745f746f74616c223b643a3234303b733a31313a22746f74616c5f6974656d73223b643a313b733a33323a226138376666363739613266336537316439313831613637623735343231323263223b613a383a7b733a323a226964223b733a313a2234223b733a363a22534b555f6964223b733a343a2231303034223b733a333a22717479223b643a313b733a353a227072696365223b643a3234303b733a353a22696d616765223b733a32353a22373159587a654f75736c4c2e5f41435f55593837392e6a7067223b733a343a226e616d65223b733a32303a224d656e732043617375616c20536c696d20466974223b733a353a22726f776964223b733a33323a226138376666363739613266336537316439313831613637623735343231323263223b733a383a22737562746f74616c223b643a3234303b7d7d),
('mj03b99norgp671rfltj70n6dg0jp6cl', '::1', 1602178493, 0x5f5f63695f6c6173745f726567656e65726174657c693a313630323137383231323b70726576696f75735f75726c7c733a32363a22687474703a2f2f6c6f63616c686f73742f73686f702f63617274223b6d795f636172745f636f756e747c693a313b),
('p0jqca78nfmovh0ie5eth0mg03gparss', '::1', 1602179470, 0x5f5f63695f6c6173745f726567656e65726174657c693a313630323137393230343b70726576696f75735f75726c7c733a34313a22687474703a2f2f6c6f63616c686f73742f73686f702f6d795f636172742f6164645f746f5f63617274223b6d795f636172745f636f756e747c693a353b636172745f636f6e74656e74737c613a373a7b733a31303a22636172745f746f74616c223b643a3332393638393b733a31313a22746f74616c5f6974656d73223b643a383b733a33323a226138376666363739613266336537316439313831613637623735343231323263223b613a383a7b733a323a226964223b733a313a2234223b733a363a22534b555f6964223b733a343a2231303034223b733a333a22717479223b643a323b733a353a227072696365223b643a3234303b733a353a22696d616765223b733a32353a22373159587a654f75736c4c2e5f41435f55593837392e6a7067223b733a343a226e616d65223b733a32303a224d656e732043617375616c20536c696d20466974223b733a353a22726f776964223b733a33323a226138376666363739613266336537316439313831613637623735343231323263223b733a383a22737562746f74616c223b643a3438303b7d733a33323a226338316537323864396434633266363336663036376638396363313438363263223b613a383a7b733a323a226964223b733a313a2232223b733a363a22534b555f6964223b733a343a2231303032223b733a333a22717479223b643a333b733a353a227072696365223b643a35303b733a353a22696d616765223b733a34313a2237312d33486a474e44554c2e5f41435f53593837392e5f53582e5f55582e5f53592e5f55592e6a7067223b733a343a226e616d65223b733a33383a224d656e732043617375616c205072656d69756d20536c696d2046697420542d53686972747320223b733a353a22726f776964223b733a33323a226338316537323864396434633266363336663036376638396363313438363263223b733a383a22737562746f74616c223b643a3135303b7d733a33323a226563636263383765346235636532666532383330386664396632613762616633223b613a383a7b733a323a226964223b733a313a2233223b733a363a22534b555f6964223b733a343a2231303033223b733a333a22717479223b643a313b733a353a227072696365223b643a36303b733a353a22696d616765223b733a32353a2237316c692d756a746c554c2e5f41435f55583637392e6a7067223b733a343a226e616d65223b733a31383a224d656e7320436f74746f6e204a61636b6574223b733a353a22726f776964223b733a33323a226563636263383765346235636532666532383330386664396632613762616633223b733a383a22737562746f74616c223b643a36303b7d733a33323a223730656664663265633962303836303739373935633434323633366235356662223b613a383a7b733a323a226964223b733a323a223137223b733a363a22534b555f6964223b733a343a2231303137223b733a333a22717479223b643a313b733a353a227072696365223b643a3139393939393b733a353a22696d616765223b733a33303a223531453439534a6737744c2e5f41435f53523136302c3136305f2e6a7067223b733a343a226e616d65223b733a32323a224f70746f6d6120344b2048442050726f6a6563746f72223b733a353a22726f776964223b733a33323a223730656664663265633962303836303739373935633434323633366235356662223b733a383a22737562746f74616c223b643a3139393939393b7d733a33323a226337346439376230316561653235376534346161396435626164653937626166223b613a383a7b733a323a226964223b733a323a223136223b733a363a22534b555f6964223b733a343a2231303136223b733a333a22717479223b643a313b733a353a227072696365223b643a3132393030303b733a353a22696d616765223b733a32363a22363169497265713768544c2e5f41435f53533335305f2e6a7067223b733a343a226e616d65223b733a32333a224f70746f6d6120344b204844522050726f6a6563746f72223b733a353a22726f776964223b733a33323a226337346439376230316561653235376534346161396435626164653937626166223b733a383a22737562746f74616c223b643a3132393030303b7d7d),
('quq8dj28rabriaonphdoa2dqc8uhob8f', '::1', 1602175584, 0x5f5f63695f6c6173745f726567656e65726174657c693a313630323137353339373b70726576696f75735f75726c7c733a32363a22687474703a2f2f6c6f63616c686f73742f73686f702f63617274223b636172745f636f6e74656e74737c613a343a7b733a31303a22636172745f746f74616c223b643a3136303b733a31313a22746f74616c5f6974656d73223b643a333b733a33323a226338316537323864396434633266363336663036376638396363313438363263223b613a373a7b733a323a226964223b733a313a2232223b733a363a22534b555f6964223b733a343a2231303032223b733a333a22717479223b643a323b733a353a227072696365223b643a35303b733a343a226e616d65223b733a33383a224d656e732043617375616c205072656d69756d20536c696d2046697420542d53686972747320223b733a353a22726f776964223b733a33323a226338316537323864396434633266363336663036376638396363313438363263223b733a383a22737562746f74616c223b643a3130303b7d733a33323a226563636263383765346235636532666532383330386664396632613762616633223b613a373a7b733a323a226964223b733a313a2233223b733a363a22534b555f6964223b733a343a2231303033223b733a333a22717479223b643a313b733a353a227072696365223b643a36303b733a343a226e616d65223b733a31383a224d656e7320436f74746f6e204a61636b6574223b733a353a22726f776964223b733a33323a226563636263383765346235636532666532383330386664396632613762616633223b733a383a22737562746f74616c223b643a36303b7d7d),
('rdqnqugqf96vukm0ig0dfeopk8n5i4hl', '::1', 1602176908, 0x5f5f63695f6c6173745f726567656e65726174657c693a313630323137363637333b70726576696f75735f75726c7c733a34313a22687474703a2f2f6c6f63616c686f73742f73686f702f6d795f636172742f6164645f746f5f63617274223b636172745f636f6e74656e74737c613a333a7b733a31303a22636172745f746f74616c223b643a36303b733a31313a22746f74616c5f6974656d73223b643a313b733a33323a226563636263383765346235636532666532383330386664396632613762616633223b613a383a7b733a323a226964223b733a313a2233223b733a363a22534b555f6964223b733a343a2231303033223b733a333a22717479223b643a313b733a353a227072696365223b643a36303b733a353a22696d616765223b733a32353a2237316c692d756a746c554c2e5f41435f55583637392e6a7067223b733a343a226e616d65223b733a31383a224d656e7320436f74746f6e204a61636b6574223b733a353a22726f776964223b733a33323a226563636263383765346235636532666532383330386664396632613762616633223b733a383a22737562746f74616c223b643a36303b7d7d),
('shf8hle69vlkatnpaig511aifmh66ubl', '::1', 1602184236, 0x5f5f63695f6c6173745f726567656e65726174657c693a313630323138333931323b70726576696f75735f75726c7c733a34323a22687474703a2f2f6c6f63616c686f73742f73686f702f6d795f636172742f66726d5f636865636b6f7574223b6d795f636172745f636f756e747c693a323b757365727c613a383a7b733a323a226964223b733a313a2231223b733a393a2266756c6c5f6e616d65223b733a383a225372696e69766173223b733a383a22656d61696c5f6964223b733a32393a226d6168696e6472616b61727372696e6976617340676d61696c2e636f6d223b733a363a2267656e646572223b733a343a224d616c65223b733a393a226d6f62696c655f6e6f223b733a31303a2239303231343334333035223b733a393a22757365725f74797065223b733a383a225265676973746572223b733a31343a22757365725f6c6f676765645f696e223b623a313b733a353a226361746b6e223b733a34343a224d5463314e7a45774e7a45784f54566d4e3259314e474a6d5a5463344d4467304c6a45354d7a49344f445530223b7d),
('ss72o4sm8r0qh7ov6htgr0u3ttt54fmc', '::1', 1602179698, 0x5f5f63695f6c6173745f726567656e65726174657c693a313630323137393531353b70726576696f75735f75726c7c733a32323a22687474703a2f2f6c6f63616c686f73742f73686f702f223b6d795f636172745f636f756e747c693a303b),
('u91hqdej8e987u92n84pdph67kulu711', '::1', 1602179042, 0x5f5f63695f6c6173745f726567656e65726174657c693a313630323137383930303b70726576696f75735f75726c7c733a32323a22687474703a2f2f6c6f63616c686f73742f73686f702f223b6d795f636172745f636f756e747c693a313b);

--
-- Indexes for dumped tables
--

--
-- Indexes for table `category`
--
ALTER TABLE `category`
  ADD PRIMARY KEY (`id`);

--
-- Indexes for table `products`
--
ALTER TABLE `products`
  ADD PRIMARY KEY (`id`),
  ADD UNIQUE KEY `unk_SKU_id` (`SKU_id`),
  ADD KEY `idx_category` (`category`),
  ADD KEY `idx_created-on` (`created_by`);

--
-- Indexes for table `product_images`
--
ALTER TABLE `product_images`
  ADD PRIMARY KEY (`id`),
  ADD KEY `idx_products_id` (`products_id`);

--
-- Indexes for table `purchare_details`
--
ALTER TABLE `purchare_details`
  ADD PRIMARY KEY (`id`),
  ADD KEY `id_user_details_product` (`user_details_id`,`product_id`);

--
-- Indexes for table `user_details`
--
ALTER TABLE `user_details`
  ADD PRIMARY KEY (`id`),
  ADD UNIQUE KEY `unq_mobile_no` (`mobile_no`),
  ADD KEY `idx_mobile_no` (`id`);

--
-- Indexes for table `user_sessions`
--
ALTER TABLE `user_sessions`
  ADD PRIMARY KEY (`id`),
  ADD KEY `ci_sessions_timestamp` (`timestamp`);

--
-- AUTO_INCREMENT for dumped tables
--

--
-- AUTO_INCREMENT for table `category`
--
ALTER TABLE `category`
  MODIFY `id` int(5) UNSIGNED NOT NULL AUTO_INCREMENT, AUTO_INCREMENT=16;

--
-- AUTO_INCREMENT for table `products`
--
ALTER TABLE `products`
  MODIFY `id` int(10) UNSIGNED NOT NULL AUTO_INCREMENT, AUTO_INCREMENT=18;

--
-- AUTO_INCREMENT for table `product_images`
--
ALTER TABLE `product_images`
  MODIFY `id` int(10) UNSIGNED NOT NULL AUTO_INCREMENT, AUTO_INCREMENT=24;

--
-- AUTO_INCREMENT for table `purchare_details`
--
ALTER TABLE `purchare_details`
  MODIFY `id` int(10) UNSIGNED NOT NULL AUTO_INCREMENT, AUTO_INCREMENT=2;

--
-- AUTO_INCREMENT for table `user_details`
--
ALTER TABLE `user_details`
  MODIFY `id` int(10) UNSIGNED NOT NULL AUTO_INCREMENT, AUTO_INCREMENT=2;
COMMIT;

/*!40101 SET CHARACTER_SET_CLIENT=@OLD_CHARACTER_SET_CLIENT */;
/*!40101 SET CHARACTER_SET_RESULTS=@OLD_CHARACTER_SET_RESULTS */;
/*!40101 SET COLLATION_CONNECTION=@OLD_COLLATION_CONNECTION */;
